,city,lat,lon,max_temp,humidity,cloudiness,wind speed,country,date
0,Castro,-24.79,-50.01,44.58,76,5,3.06,BR,1593692519
1,Havelock,34.88,-76.9,75.99,94,1,3.4,US,1593692724
2,Klaksvík,62.23,-6.59,48.2,70,94,16.11,FO,1593692725
3,Vaini,-21.2,-175.2,71.6,68,75,112.74,TO,1593692478
4,George Town,5.41,100.34,86.0,79,20,4.7,MY,1593692486
5,Mataura,-46.19,168.86,39.0,83,3,3.0,NZ,1593692462
6,Faanui,-16.48,-151.75,80.13,80,74,22.88,PF,1593692846
7,Albany,42.6,-73.97,68.0,87,0,4.38,US,1593692490
8,Ribeira Grande,38.52,-28.7,69.8,68,20,5.82,PT,1593692847
9,Dingle,11.0,122.67,79.52,80,94,4.05,PH,1593692489
10,Los Algarrobos,8.5,-82.43,75.2,100,40,2.24,PA,1593692849
11,Barrow,71.29,-156.79,30.2,92,90,10.29,US,1593692405
12,Ushuaia,-54.8,-68.3,26.6,100,90,3.69,AR,1593692360
13,Ossora,59.24,163.07,47.12,87,33,8.5,RU,1593692850
14,Carberry,49.87,-99.36,62.6,100,20,10.29,CA,1593692851
15,Evensk,61.95,159.23,49.48,75,27,5.93,RU,1593692851
16,Leningradskiy,69.38,178.42,35.22,95,100,13.58,RU,1593692852
17,East London,-33.02,27.91,66.2,59,0,21.92,ZA,1593692743
18,Djibouti,11.5,42.5,95.0,56,1,10.29,DJ,1593692853
19,Kavaratti,10.57,72.64,84.16,80,100,18.16,IN,1593692854
20,Busselton,-33.65,115.33,54.0,68,66,4.05,AU,1593692467
21,Costa Rica,-23.42,-54.65,48.81,81,0,4.63,BR,1593692855
22,Ahipara,-35.17,173.17,52.09,70,24,7.74,NZ,1593692856
23,Bethel,41.37,-73.41,66.99,93,1,5.48,US,1593692470
24,Royan,45.63,-1.03,68.0,56,90,8.05,FR,1593692857
25,Butaritari,3.07,172.79,78.22,79,100,3.98,KI,1593692858
26,Tuktoyaktuk,69.45,-133.04,35.64,97,100,9.46,CA,1593692858
27,Cherskiy,68.75,161.3,41.54,80,100,13.33,RU,1593692859
28,Erenhot,43.65,111.98,80.31,30,79,7.25,CN,1593692860
29,Dundee,56.5,-2.97,57.2,71,40,3.36,GB,1593692860
30,Hobart,-42.88,147.33,46.99,70,20,8.05,AU,1593692346
31,Vostok,46.49,135.88,50.07,77,0,1.23,RU,1593692862
32,Jalcocotán,21.47,-105.12,62.6,93,75,2.77,MX,1593692863
33,Hermanus,-34.42,19.23,61.0,86,44,8.01,ZA,1593692502
34,Nikolskoye,59.7,30.79,69.01,68,75,4.47,RU,1593692863
35,Bluff,-46.6,168.33,39.0,83,4,3.0,NZ,1593692484
36,Washington,47.5,-120.5,57.2,58,1,9.17,US,1593692523
37,San Cristobal,7.77,-72.22,77.0,88,40,4.7,VE,1593692608
38,Zhigansk,66.77,123.37,65.07,55,88,20.11,RU,1593692865
39,Harper,4.38,-7.72,79.18,76,92,9.57,LR,1593692866
40,Nouadhibou,20.93,-17.03,73.4,78,0,17.22,MR,1593692867
41,Yaguajay,22.33,-79.24,78.91,86,83,7.65,CU,1593692867
42,Punta Arenas,-53.15,-70.92,32.0,97,90,4.03,CL,1593692455
43,Faya,18.39,42.45,93.2,45,40,17.22,SA,1593692868
44,Atuona,-9.8,-139.03,80.26,79,17,23.44,PF,1593692477
45,Jagdalpur,19.07,82.03,84.15,73,86,4.61,IN,1593692869
46,Isangel,-19.55,169.27,68.29,65,33,15.01,VU,1593692870
47,Jamestown,42.1,-79.24,68.0,82,1,3.09,US,1593692284
48,Lima,-12.04,-77.03,60.8,82,90,3.36,PE,1593692591
49,Touros,-5.2,-35.46,78.8,83,40,8.05,BR,1593692501
50,New Norfolk,-42.78,147.06,46.99,91,59,5.14,AU,1593692517
51,Rikitea,-23.12,-134.97,69.35,70,16,22.26,PF,1593692466
52,Saint-Philippe,-21.36,55.77,71.6,78,75,25.28,RE,1593692873
53,Kapaa,22.08,-159.32,78.8,78,20,11.41,US,1593692506
54,Puerto Baquerizo Moreno,-0.9,-89.6,69.24,87,89,11.32,EC,1593692600
55,Naruja,41.91,41.95,93.2,83,20,12.75,GE,1593692875
56,Puerto Ayora,-0.74,-90.35,69.01,93,98,5.01,EC,1593692458
57,Tasiilaq,65.61,-37.64,44.6,87,20,3.36,GL,1593692457
58,Tiksi,71.69,128.87,41.61,71,0,8.16,RU,1593692463
59,Cabo San Lucas,22.89,-109.91,77.0,89,1,1.01,MX,1593692249
60,Chapais,49.78,-74.85,71.6,78,75,6.93,CA,1593692707
61,Calabar,4.95,8.32,83.25,81,81,3.87,NG,1593692878
62,Avarua,-21.21,-159.78,77.0,83,100,12.75,CK,1593692878
63,Makakilo City,21.35,-158.09,77.0,83,75,3.36,US,1593692637
64,Khatanga,71.97,102.5,63.48,43,85,15.37,RU,1593692500
65,Aklavik,68.22,-135.01,41.0,93,90,5.82,CA,1593692880
66,Hobyo,5.35,48.53,84.16,58,58,32.14,SO,1593692880
67,Bograd,54.23,90.83,80.6,74,2,6.71,RU,1593692881
68,San Patricio,19.22,-104.7,79.09,67,100,3.53,MX,1593692394
69,Dikson,73.51,80.55,43.52,84,95,13.65,RU,1593692494
70,Rasrā,25.85,83.85,99.66,41,100,2.26,IN,1593692883
71,Mount Gambier,-37.83,140.77,42.8,100,40,9.17,AU,1593692884
72,Kavieng,-2.57,150.8,82.9,72,6,9.64,PG,1593692885
73,Alice Springs,-23.7,133.88,55.4,50,0,6.93,AU,1593692747
74,Hampton,37.03,-76.35,75.99,100,40,4.7,US,1593692871
75,Leh,34.17,77.58,69.22,19,0,8.19,IN,1593692886
76,Lufkin,31.34,-94.73,79.0,88,90,4.7,US,1593692887
77,Palekastro,35.2,26.25,81.75,61,0,14.76,GR,1593692888
78,Aksha,50.28,113.29,68.97,66,86,2.1,RU,1593692888
79,Hamilton,39.18,-84.53,73.99,83,1,4.7,US,1593692889
80,Jizan,17.33,42.67,98.6,63,20,9.17,SA,1593692890
81,Mabaruma,8.2,-59.78,78.01,93,86,5.03,GY,1593692891
82,Bambous Virieux,-20.34,57.76,73.4,69,75,16.11,MU,1593692469
83,Katsuura,35.13,140.3,77.0,79,27,7.0,JP,1593692892
84,Mar del Plata,-38.0,-57.56,44.01,93,75,2.24,AR,1593692265
85,Torbay,47.67,-52.73,55.0,100,90,9.17,CA,1593692893
86,Thompson,55.74,-97.86,59.0,100,90,4.7,CA,1593692513
87,Seoul,37.57,126.98,80.6,65,20,3.04,KR,1593692879
88,Adelaide,-34.93,138.6,52.0,76,75,8.05,AU,1593692695
89,Departamento de Maldonado,-34.67,-54.92,50.0,81,75,16.11,UY,1593692895
90,Ordzhonīkīdze,52.44,61.74,67.37,44,30,12.06,KZ,1593692896
91,Saint Paul Harbor,57.79,-152.41,51.8,81,1,8.05,US,1593692471
92,Sterling,39.01,-77.43,73.99,69,20,6.93,US,1593692898
93,El Porvenir,13.76,-87.35,68.59,85,100,4.7,HN,1593692898
94,São José de Ribamar,-2.56,-44.05,84.2,79,20,12.75,BR,1593692899
95,Talnakh,69.49,88.4,64.4,45,5,6.71,RU,1593692899
96,Qaanaaq,77.48,-69.36,41.25,71,79,3.53,GL,1593692482
97,Codrington,-38.27,141.97,44.37,90,95,10.69,AU,1593692900
98,Jiangyou,31.77,104.72,80.83,59,19,3.24,CN,1593692901
99,Synya,65.37,58.04,68.29,38,100,9.82,RU,1593692901
100,Olafsvik,64.89,-23.71,52.95,61,2,7.11,IS,1593692902
101,Rosario,-32.95,-60.64,37.99,100,90,0.54,AR,1593692902
102,Mehamn,71.04,27.85,46.4,81,90,18.34,NO,1593692903
103,Nabire,-3.37,135.48,79.12,78,98,2.39,ID,1593692697
104,Kruisfontein,-34.0,24.73,65.05,49,16,17.07,ZA,1593692904
105,Plettenberg Bay,-34.05,23.37,65.75,56,5,14.16,ZA,1593692904
106,Comodoro Rivadavia,-45.87,-67.5,39.2,86,40,2.24,AR,1593692905
107,Chui,-33.7,-53.46,42.66,86,26,8.84,UY,1593692906
108,Schöningen,52.14,10.97,73.99,62,48,10.16,DE,1593692728
109,Geraldton,-28.77,114.6,51.8,81,0,9.17,AU,1593692852
110,Hudson Bay,52.85,-102.38,59.9,85,0,3.4,CA,1593692907
111,Karratha,-20.74,116.85,73.44,49,74,6.53,AU,1593692908
112,Cape Town,-33.93,18.42,64.99,82,75,11.41,ZA,1593692472
113,Ubari,26.59,12.78,102.16,8,0,16.51,LY,1593692909
114,Bosobolo,4.18,19.9,85.46,65,54,2.77,CD,1593692909
115,Tepeojuma,18.72,-98.45,50.0,88,56,1.01,MX,1593692910
116,Banda Aceh,5.56,95.32,82.8,77,44,13.85,ID,1593692911
117,Jieshi,22.81,115.83,82.78,86,100,9.15,CN,1593692911
118,Dakar,14.69,-17.44,86.0,70,40,6.93,SN,1593692912
119,Constitución,-35.33,-72.42,48.27,82,93,5.7,CL,1593692912
120,Lengshuitan,26.41,111.6,82.69,83,100,1.43,CN,1593692913
121,Arlit,18.74,7.39,106.21,8,0,5.79,NE,1593692913
122,Tommot,58.96,126.29,66.15,80,75,2.98,RU,1593692914
123,Bredasdorp,-34.53,20.04,71.6,53,14,18.34,ZA,1593692469
124,Sawtell,-30.38,153.1,55.4,76,3,1.12,AU,1593692915
125,Severobaykal'sk,55.65,109.32,64.42,61,0,3.24,RU,1593692916
126,Emba,48.83,58.14,76.69,24,5,10.69,KZ,1593692520
127,San Fernando del Valle de Catamarca,-28.47,-65.79,36.0,82,4,3.0,AR,1593692917
128,Birjand,32.87,59.22,96.8,8,40,18.34,IR,1593692918
129,Salalah,17.02,54.09,84.2,89,90,11.41,OM,1593692871
130,Mandera,3.94,41.87,91.85,33,66,21.7,KE,1593692919
131,Rome,43.21,-75.46,69.8,77,1,4.5,US,1593692919
132,Atar,20.52,-13.05,106.79,15,9,12.1,MR,1593692920
133,Youghal,51.95,-7.85,63.0,63,75,10.29,IE,1593692920
134,Yeppoon,-23.13,150.73,59.0,87,0,4.72,AU,1593692921
135,Kalianget,-7.05,113.93,80.22,75,60,8.72,ID,1593692922
136,Provideniya,64.38,-173.3,44.13,96,100,8.75,RU,1593692922
137,Petropavlovsk-Kamchatskiy,53.05,158.65,48.2,100,90,4.47,RU,1593692923
138,Hilo,19.73,-155.09,73.4,73,90,3.96,US,1593692923
139,Carnarvon,-24.87,113.63,66.2,77,0,12.75,AU,1593692924
140,Fortuna,40.6,-124.16,50.0,93,90,4.7,US,1593692924
141,Elblag,54.15,19.41,71.01,60,20,13.87,PL,1593692925
142,Kiunga,-6.12,141.29,73.78,97,100,3.78,PG,1593692925
143,Margate,51.38,1.39,68.0,70,52,5.01,GB,1593692926
144,Swan Hill,-35.34,143.55,45.59,80,43,5.32,AU,1593692927
145,Lehigh Acres,26.63,-81.62,84.0,88,1,2.28,US,1593692928
146,Ilulissat,69.22,-51.1,50.0,57,20,3.36,GL,1593692929
147,Dunedin,-45.87,170.5,39.99,86,50,2.66,NZ,1593692930
148,Bengkulu,-3.8,102.27,79.97,76,100,8.48,ID,1593692729
149,Saint George,37.1,-113.58,71.6,15,1,12.75,US,1593692464
150,Nuuk,64.18,-51.72,39.2,93,75,2.24,GL,1593692512
151,Khani,41.96,42.96,93.2,46,5,13.87,GE,1593692932
152,Dolisie,-4.2,12.67,82.92,54,36,5.75,CG,1593692932
153,Baykit,61.67,96.37,82.18,36,35,8.63,RU,1593692933
154,Kalmunai,7.42,81.82,86.76,71,100,13.06,LK,1593692933
155,Esperance,-33.87,121.9,50.0,100,40,5.82,AU,1593692934
156,Sørland,67.67,12.69,51.8,57,40,12.75,NO,1593692935
157,Port Alfred,-33.59,26.89,64.99,78,0,3.0,ZA,1593692495
158,Jiangdu,32.43,119.56,73.99,96,100,1.99,CN,1593692936
159,Lorengau,-2.02,147.27,82.6,76,76,10.22,PG,1593692936
160,Gantt,34.8,-82.42,78.8,83,1,4.05,US,1593692838
161,Abu Samrah,35.3,37.18,99.03,16,0,1.68,SY,1593692937
162,Bonfim,3.08,-59.95,78.51,78,10,5.23,BR,1593692938
163,Ponta Delgada,37.73,-25.67,69.8,73,75,6.93,PT,1593692939
164,Soure,-0.72,-48.52,81.52,78,35,6.55,BR,1593692939
165,Kigorobya,1.62,31.31,76.3,66,80,3.83,UG,1593692940
166,Kaspi,41.93,44.43,87.8,33,0,11.41,GE,1593692940
167,Khorol,49.78,33.28,80.13,57,33,4.9,UA,1593692941
168,Fereydūnkenār,36.69,52.52,84.2,48,75,4.7,IR,1593692941
169,Praxédis Guerrero,31.37,-106.02,75.2,47,75,6.93,MX,1593692942
170,Daru,-9.08,143.21,77.94,82,95,19.33,PG,1593692942
171,Korla,41.76,86.15,94.41,10,2,8.61,CN,1593692943
172,Chokwé,-24.53,32.98,79.72,33,0,7.07,MZ,1593692943
173,Pestovo,58.59,35.8,73.51,45,25,9.57,RU,1593692944
174,Ilhabela,-23.78,-45.36,64.85,72,41,4.05,BR,1593692944
175,Point Pedro,9.82,80.23,83.41,81,100,14.72,LK,1593692945
176,Raudeberg,61.99,5.14,53.01,82,100,9.91,NO,1593692946
177,Airai,-8.93,125.41,54.05,78,18,3.33,TL,1593692946
178,Nanortalik,60.14,-45.24,41.25,81,100,10.22,GL,1593692947
179,Roald,62.58,6.13,53.6,62,75,11.41,NO,1593692303
180,Zharkovskiy,55.85,32.27,65.19,95,98,4.21,RU,1593692948
181,Kampot,10.62,104.18,80.6,88,75,3.36,KH,1593692885
182,Pevek,69.7,170.31,38.32,90,100,7.58,RU,1593692496
183,Saskylakh,71.92,114.08,61.39,72,99,18.03,RU,1593692503
184,Visby,57.64,18.3,70.0,82,90,10.29,SE,1593692944
185,Yenagoa,4.92,6.26,83.34,77,100,5.03,NG,1593692739
186,Yellowknife,62.46,-114.35,62.6,63,90,13.87,CA,1593692486
187,Stornoway,58.21,-6.39,54.0,58,90,4.7,GB,1593692952
188,Hokitika,-42.72,170.97,41.54,67,0,5.53,NZ,1593692953
189,Gornyak,50.99,81.47,76.41,49,61,2.44,RU,1593692953
190,Kayalpattinam,8.57,78.12,90.14,58,100,8.46,IN,1593692954
191,Broken Hill,-31.95,141.43,46.4,52,14,8.05,AU,1593692955
192,Cidreira,-30.18,-50.21,49.8,81,80,14.88,BR,1593692955
193,Narsaq,60.92,-46.05,48.2,66,75,4.7,GL,1593692498
194,Dicabisagan,17.08,122.42,81.37,78,41,5.97,PH,1593692956
195,Coquimbo,-29.95,-71.34,51.8,76,24,9.17,CL,1593692487
196,Vysokogornyy,50.12,139.15,43.75,83,36,1.66,RU,1593692957
197,Mīzan Teferī,6.98,35.58,69.19,84,100,2.91,ET,1593692958
198,Neuquén,-38.95,-68.06,37.4,93,90,8.05,AR,1593692958
199,Hong Kong,22.29,114.16,86.0,79,100,8.99,HK,1593692406
200,Aramecina,13.74,-87.71,71.73,82,93,5.12,HN,1593692959
201,Oranjemund,-28.55,16.43,62.49,66,0,18.01,NA,1593692960
202,São Filipe,14.9,-24.5,75.2,81,94,8.32,CV,1593692504
203,Chokurdakh,70.63,147.92,41.29,79,67,17.36,RU,1593692477
204,Sozopol,42.42,27.7,82.4,65,3,16.11,BG,1593692963
205,Tashtyp,52.79,89.9,72.19,81,36,5.01,RU,1593692963
206,Yelovo,57.05,54.92,60.06,86,98,13.44,RU,1593692964
207,Ol'ga,43.74,135.29,53.1,93,55,3.31,RU,1593692964
208,Palmer,42.16,-72.33,70.0,100,90,2.06,US,1593692966
209,Mocuba,-16.84,36.99,75.74,58,67,6.2,MZ,1593692967
210,Cayenne,4.93,-52.33,82.4,83,20,2.24,GF,1593692967
211,Lebu,-37.62,-73.65,46.81,90,33,4.5,CL,1593692834
212,Zonianá,35.3,24.83,97.0,40,0,7.0,GR,1593692969
213,Liverpool,53.41,-2.98,63.0,82,40,12.75,GB,1593692682
214,Hithadhoo,-0.6,73.08,84.65,65,0,3.96,MV,1593692970
215,Grindavik,63.84,-22.43,59.0,54,20,3.36,IS,1593692494
216,Belmonte,-15.86,-38.88,77.0,73,22,4.7,BR,1593692971
217,Kysyl-Syr,63.9,122.76,71.85,43,33,7.87,RU,1593692972
218,Grand Gaube,-20.01,57.66,72.0,71,9,8.99,MU,1593692972
219,Preobrazheniye,42.9,133.91,56.77,89,73,0.27,RU,1593692973
220,Grão Mogol,-16.56,-42.89,72.75,58,86,1.61,BR,1593692973
221,Verkhoyansk,67.54,133.38,61.48,64,97,11.97,RU,1593692974
222,Dimona,31.07,35.03,94.78,15,0,11.5,IL,1593692974
223,Movila Banului,44.98,26.68,89.6,33,40,11.41,RO,1593692975
224,Yiyang,28.59,112.33,76.84,96,100,3.76,CN,1593692975
225,Dongying,37.46,118.49,82.02,46,90,13.04,CN,1593692976
226,Port Hawkesbury,45.62,-61.35,69.8,88,1,2.24,CA,1593692516
227,Khovd,48.01,91.64,74.21,27,97,4.14,MN,1593692978
228,Peniche,39.36,-9.38,75.99,53,19,18.01,PT,1593692978
229,Koubia,11.58,-11.9,79.84,74,100,3.38,GN,1593692979
230,Norman Wells,65.28,-126.83,48.2,100,90,17.22,CA,1593692980
231,Christchurch,-43.53,172.63,37.99,93,13,9.17,NZ,1593692980
232,Souillac,-20.52,57.52,73.4,69,75,16.11,MU,1593692981
233,Ponta do Sol,32.67,-17.1,73.0,66,4,1.41,PT,1593692518
234,Deputatsky,69.3,139.9,53.11,53,35,16.71,RU,1593692982
235,Chake Chake,-5.25,39.77,79.39,68,100,16.46,TZ,1593692982
236,Puerto del Rosario,28.5,-13.86,77.0,73,20,21.92,ES,1593692983
237,Bandarbeyla,9.49,50.81,92.59,38,20,30.11,SO,1593692984
238,Lillesand,58.25,8.38,62.6,42,0,12.75,NO,1593692984
239,Srednekolymsk,67.45,153.68,42.15,81,100,14.09,RU,1593692985
240,Avera,33.19,-82.53,75.2,90,40,3.36,US,1593692985
241,Tilichiki,60.47,166.1,43.23,89,6,8.05,RU,1593692986
242,Necochea,-38.55,-58.74,43.0,98,98,1.01,AR,1593692986
243,Portree,57.41,-6.19,55.0,71,86,10.0,GB,1593692987
244,Tres Arroyos,-38.37,-60.28,38.64,94,16,7.14,AR,1593692987
245,Tautira,-17.73,-149.15,77.0,73,75,2.24,PF,1593692988
246,Rundu,-17.93,19.77,53.6,13,0,6.93,NA,1593692988
247,Rio Grande,-32.03,-52.1,45.0,81,40,5.82,BR,1593692792
248,San Martín,-33.08,-68.47,35.6,80,28,3.36,AR,1593692989
249,Saint Anthony,45.02,-93.22,77.0,88,1,3.67,US,1593692990
250,Baruun-Urt,46.68,113.28,64.35,76,96,11.39,MN,1593692991
251,Fairbanks,64.84,-147.72,45.0,93,1,1.66,US,1593692832
252,Kieta,-6.22,155.63,79.09,77,35,4.74,PG,1593692460
253,Jalu,29.03,21.55,99.18,13,0,13.18,LY,1593692993
254,Port Lincoln,-34.73,135.87,53.26,76,12,11.68,AU,1593692994
255,Road Town,18.42,-64.62,86.0,79,20,8.05,VG,1593692994
256,Port Hardy,50.7,-127.42,50.25,87,57,6.04,CA,1593692463
257,Richards Bay,-28.78,32.04,77.27,35,0,4.09,ZA,1593692995
258,Malakal,9.53,31.66,81.52,69,87,8.43,SS,1593692483
259,Albox,37.39,-2.15,91.0,10,0,5.99,ES,1593692997
260,Ják,47.14,16.58,84.0,52,67,4.0,HU,1593692997
261,Tandaltī,13.02,31.87,96.91,33,86,16.08,SD,1593692998
262,Te Anau,-45.42,167.72,37.33,84,45,1.34,NZ,1593692998
263,Fairview,40.81,-74.0,77.0,78,1,3.36,US,1593692999
264,Port Elizabeth,-33.92,25.57,66.2,68,4,14.99,ZA,1593692853
265,Simbahan,6.3,120.58,82.83,73,33,5.61,PH,1593693000
266,Mahébourg,-20.41,57.7,73.4,69,75,16.11,MU,1593693001
267,Carutapera,-1.2,-46.02,81.68,86,58,5.35,BR,1593693003
268,Nome,64.5,-165.41,51.8,87,90,18.34,US,1593693007
269,North Bend,43.41,-124.22,50.0,93,75,4.7,US,1593692721
270,Abalak,58.13,68.59,66.47,70,100,5.93,RU,1593693014
271,Vardø,70.37,31.11,50.0,76,75,11.41,NO,1593693015
272,Labuhan,-6.88,112.21,79.5,79,42,6.6,ID,1593693016
273,Cap Malheureux,-19.98,57.61,72.0,71,6,8.99,MU,1593693017
274,Santiago,-33.46,-70.65,50.0,71,100,1.54,CL,1593692967
275,Puerto Colombia,10.99,-74.95,78.8,94,40,6.06,CO,1593693018
276,Iwakuni,34.15,132.18,75.2,69,75,1.74,JP,1593692725
277,Upernavik,72.79,-56.15,37.9,81,97,11.01,GL,1593692485
278,Westport,41.14,-73.36,73.0,78,1,7.61,US,1593692905
279,Makkah al Mukarramah,21.43,39.83,107.73,8,0,17.16,SA,1593692932
280,Kalengwa,-13.47,25.0,78.66,23,0,6.89,ZM,1593693021
281,Ibrā’,22.69,58.53,95.49,38,29,16.93,OM,1593693022
282,Caraballeda,10.61,-66.85,73.0,77,17,7.31,VE,1593693023
283,Zhezkazgan,47.8,67.71,73.4,56,90,26.84,KZ,1593693024
284,Severo-Kuril'sk,50.68,156.12,45.68,90,91,7.43,RU,1593692472
285,Bibiani,6.46,-2.32,84.51,61,18,4.41,GH,1593693025
286,Itarema,-2.92,-39.92,82.38,70,3,13.56,BR,1593693025
287,Palmas,-10.21,-48.36,80.01,65,80,5.82,BR,1593692757
288,Taltal,-25.4,-70.48,63.91,48,0,1.92,CL,1593693027
289,Laibin,23.7,109.27,81.82,85,100,7.25,CN,1593693027
290,Laas,46.62,10.7,77.0,40,40,2.24,IT,1593693029
291,North Myrtle Beach,33.82,-78.68,80.01,94,75,4.7,US,1593693029
292,Hambantota,6.12,81.12,89.6,70,40,16.11,LK,1593693030
293,Tacoronte,28.48,-16.41,81.0,73,20,23.04,ES,1593693031
294,Namie,37.48,141.0,75.99,70,95,1.01,JP,1593693031
295,Kawhia,-38.07,174.82,41.0,79,0,7.43,NZ,1593693032
296,Prainha,-1.8,-53.48,81.27,73,55,4.59,BR,1593693033
297,Vestmanna,62.16,-7.17,48.2,70,100,16.11,FO,1593693033
298,Starkville,33.45,-88.82,71.6,94,40,3.49,US,1593692827
299,Ende,-8.84,121.66,73.51,74,9,3.6,ID,1593693034
300,Port Macquarie,-31.43,152.92,50.0,96,0,6.38,AU,1593693035
301,Trairi,-3.28,-39.27,83.08,60,0,10.58,BR,1593693035
302,Berlevåg,70.86,29.09,50.0,71,75,23.04,NO,1593692489
303,Ampanihy,-24.7,44.75,74.07,41,0,10.71,MG,1593693036
304,Letka,59.6,49.42,67.93,81,9,6.55,RU,1593693037
305,Blacksburg,37.23,-80.41,69.8,94,1,1.81,US,1593693038
306,Jieshou,33.26,115.36,71.71,93,51,5.46,CN,1593693039
307,Manga,11.66,-1.07,95.14,39,0,6.73,BF,1593693040
308,Sampit,-2.53,112.95,75.58,95,100,3.76,ID,1593693040
309,Chitose,42.82,141.65,64.4,93,75,12.75,JP,1593692826
310,Santa Marinella,42.03,11.85,82.99,56,0,1.99,IT,1593693041
311,Ambilobe,-13.2,49.05,84.96,41,13,1.21,MG,1593692519
312,Srīvardhan,18.03,73.02,84.16,77,100,11.65,IN,1593693042
313,Saint-Augustin,51.23,-58.65,50.13,85,100,12.57,CA,1593693043
314,Sioux Lookout,50.1,-91.92,69.8,83,20,3.36,CA,1593693044
315,Pacifica,37.61,-122.49,55.99,76,20,5.82,US,1593692850
316,Iqaluit,63.75,-68.51,44.6,81,40,4.7,CA,1593692973
317,Dwārka,22.24,68.97,88.81,71,4,11.5,IN,1593693045
318,Yangambi,0.81,24.43,91.2,41,93,3.6,CD,1593693046
319,Caravelas,-17.71,-39.25,81.0,61,88,3.85,BR,1593693046
320,Camacha,33.08,-16.33,73.4,69,75,11.41,PT,1593693047
321,Turbat,26.0,63.04,99.5,42,7,19.57,PK,1593693047
322,Jacareacanga,-6.22,-57.75,84.58,65,16,1.45,BR,1593693048
323,Zambezi,-13.54,23.1,82.45,22,0,7.56,ZM,1593693048
324,Bose,45.46,8.01,84.99,61,0,4.14,IT,1593693049
325,Churapcha,62.0,132.43,62.13,93,83,10.65,RU,1593693050
326,Berdigestyakh,62.1,126.7,68.7,47,57,5.12,RU,1593693050
327,Chaohu,31.6,117.87,75.99,100,40,6.71,CN,1593693051
328,Winnemucca,40.97,-117.74,46.4,36,1,3.36,US,1593693052
329,Acapulco de Juárez,16.86,-99.89,80.6,78,75,4.7,MX,1593692762
330,Ereymentau,51.62,73.1,73.99,50,98,10.51,KZ,1593693054
331,Sitka,57.05,-135.33,53.6,87,1,6.15,US,1593693054
332,Saldanha,-33.01,17.94,62.6,77,85,8.05,ZA,1593692491
333,Kununurra,-15.77,128.73,73.4,46,0,4.7,AU,1593693055
334,Bubaque,11.28,-15.83,81.16,81,98,7.96,GW,1593693056
335,Lusambo,-4.97,23.45,92.98,30,77,3.2,CD,1593693057
336,Anadyr,64.75,177.48,42.8,93,75,2.24,RU,1593693057
337,Nishihara,26.18,127.76,82.4,94,75,18.34,JP,1593693058
338,Sumbe,-11.21,13.84,77.07,66,0,9.73,AO,1593693058
339,Kismayo,-0.36,42.55,81.14,68,82,20.31,SO,1593693059
340,Ulaangom,49.98,92.07,76.77,42,0,0.74,MN,1593693060
341,Bundaberg,-24.85,152.35,57.99,93,0,2.1,AU,1593693060
342,Kamenka,51.32,42.77,84.0,37,1,1.99,RU,1593693061
343,Naliya,23.27,68.83,91.62,59,66,12.68,IN,1593693062
344,Whitehorse,60.72,-135.05,46.4,55,5,3.36,CA,1593693062
345,Hatillo,18.49,-66.83,82.99,73,0,3.0,PR,1593693063
346,Yatou,37.15,122.38,69.26,82,85,5.7,CN,1593693064
347,Nicoya,10.15,-85.45,69.8,100,1,3.36,CR,1593693065
348,Poum,-20.23,164.02,69.82,63,0,16.37,NC,1593693065
349,Ocampo,21.65,-101.5,57.87,83,100,6.93,MX,1593693066
350,Lavrentiya,65.58,-171.0,44.15,96,100,18.34,RU,1593693066
351,Ekhabi,53.51,142.97,42.71,84,54,6.71,RU,1593693067
352,Mufumbwe,-13.68,24.8,78.78,23,0,7.58,ZM,1593693068
353,Ngawen,-7.0,111.31,77.29,83,98,2.01,ID,1593693068
354,Uray,60.12,64.78,68.61,43,46,1.03,RU,1593693069
355,Auki,-8.77,160.7,77.68,87,100,5.68,SB,1593693069
356,Guerrero Negro,27.98,-114.06,64.94,82,3,6.55,MX,1593693070
357,Hofn,64.25,-15.21,50.0,76,75,8.05,IS,1593693070
358,Ishigaki,24.34,124.16,84.2,94,90,10.29,JP,1593692916
359,Hasaki,35.73,140.83,75.0,73,20,4.7,JP,1593693072
360,Inuvik,68.35,-133.72,41.0,93,90,5.82,CA,1593693072
361,Cam Ranh,11.92,109.16,89.6,70,20,11.41,VN,1593693073
362,Santa Helena de Goiás,-17.81,-50.6,67.91,66,0,5.14,BR,1593693073
363,Kharitonovo,61.4,47.5,66.67,82,73,6.82,RU,1593693074
364,Tocopilla,-22.09,-70.2,65.05,47,0,1.88,CL,1593693075
365,Valparaíso,-33.04,-71.63,46.4,93,40,5.82,CL,1593693008
366,Alofi,-19.06,-169.92,75.2,94,70,2.24,NU,1593693076
367,Nísia Floresta,-6.09,-35.21,78.8,83,40,8.05,BR,1593693077
368,Kinablangan,7.69,126.55,79.54,81,100,5.93,PH,1593693077
369,Rawson,-43.3,-65.1,44.37,86,52,12.86,AR,1593693078
370,Valparai,10.37,76.97,78.8,94,75,5.53,IN,1593693078
371,Palana,59.12,159.97,46.11,67,84,2.24,RU,1593693079
372,Natchez,31.56,-91.4,78.8,94,90,5.41,US,1593693080
373,Lagoa,39.05,-27.98,65.68,72,2,6.11,PT,1593693080
374,Hervey Bay,-25.3,152.85,59.0,83,0,4.0,AU,1593693081
375,Ostrovnoy,68.05,39.51,65.64,63,88,9.33,RU,1593693081
376,La Ronge,55.1,-105.28,59.0,100,40,8.05,CA,1593693082
377,Likasi,-10.98,26.73,76.55,32,81,4.52,CD,1593693082
378,Sakakah,29.97,40.21,102.2,8,0,2.8,SA,1593693083
379,Pangnirtung,66.15,-65.71,53.6,58,40,3.36,CA,1593693083
380,Codajás,-3.84,-62.06,79.41,84,79,1.23,BR,1593693084
381,Goroka,-6.08,145.39,61.05,88,100,1.32,PG,1593693084
382,College,64.86,-147.8,45.0,81,40,5.82,US,1593693018
383,Acajutla,13.59,-89.83,69.01,99,4,5.01,SV,1593693085
384,Sept-Îles,50.2,-66.38,61.0,93,75,6.93,CA,1593693057
385,Laguna,38.42,-121.42,57.0,87,1,8.05,US,1593693087
386,Shahrud,36.42,54.98,81.34,28,0,20.87,IR,1593693087
387,Berbera,10.44,45.01,101.98,31,0,23.47,SO,1593693088
388,Bam,29.11,58.36,106.21,9,45,11.41,IR,1593693088
389,Tierralta,8.17,-76.06,76.78,88,100,2.73,CO,1593693089
390,Gorontalo,0.54,123.06,76.1,87,100,4.5,ID,1593693089
391,Beian,63.66,9.57,57.2,50,40,10.29,NO,1593693090
392,Mossamedes,-15.2,12.15,78.8,61,0,12.75,AO,1593693091
393,Naze,28.37,129.48,80.6,94,75,8.05,JP,1593693091
394,Katiuzhanka,50.81,30.14,87.8,38,51,11.18,UA,1593693092
395,Sambava,-14.27,50.17,76.23,67,7,18.25,MG,1593693093
396,Kaitangata,-46.28,169.85,37.0,83,7,1.99,NZ,1593693093
397,Okhotsk,59.38,143.3,53.55,93,100,2.15,RU,1593692522
398,Sisimiut,66.94,-53.67,51.19,59,0,7.2,GL,1593693094
399,Témeni,38.23,22.12,87.01,43,5,5.01,GR,1593693095
400,Mil'kovo,54.72,158.62,49.42,92,100,5.46,RU,1593693096
401,Bonthe,7.53,-12.51,78.58,87,100,7.14,SL,1593693096
402,Zyryanka,65.75,150.85,50.58,59,99,4.03,RU,1593693097
403,Cururupu,-1.83,-44.87,86.2,63,12,4.63,BR,1593693097
404,Xining,36.62,101.77,64.45,51,100,11.77,CN,1593693041
405,Yamada,39.47,141.95,67.33,85,13,9.8,JP,1593693098
406,Bulgan,48.81,103.53,61.11,78,95,5.48,MN,1593693099
407,Shuangyang,43.52,125.67,75.2,69,20,2.24,CN,1593693100
408,Iringa,-7.77,35.7,71.24,43,50,9.89,TZ,1593693100
409,Żurrieq,35.83,14.47,93.2,21,0,11.41,MT,1593693101
410,Otane,-39.88,176.63,42.01,88,23,3.0,NZ,1593693101
411,São Raimundo das Mangabeiras,-7.02,-45.48,87.12,42,19,6.17,BR,1593693102
412,Chernyshevskiy,63.01,112.47,65.8,52,92,6.93,RU,1593693102
413,Pisco,-13.7,-76.22,54.0,93,40,3.36,PE,1593693084
414,Khovu-Aksy,51.13,93.6,66.99,65,100,2.8,RU,1593693103
415,Morgan City,29.7,-91.21,82.4,100,1,6.26,US,1593693104
416,Soto la Marina,23.77,-98.22,75.99,96,100,1.01,MX,1593693104
417,Olinda,-8.01,-34.86,80.6,74,40,4.7,BR,1593693105
418,Clarence Town,-32.58,151.78,57.0,76,0,4.7,AU,1593693106
419,Hyères,43.12,6.12,81.0,69,100,11.41,FR,1593693081
420,Tura,25.52,90.22,77.5,95,100,5.57,IN,1593693107
421,Teguise,29.06,-13.56,77.0,69,20,21.92,ES,1593693107
422,Bilma,18.69,12.92,108.43,7,0,8.79,NE,1593693108
423,Tutóia,-2.76,-42.27,84.07,68,0,10.49,BR,1593693108
424,Fort Nelson,58.81,-122.7,55.67,98,100,9.69,CA,1593693109
425,Merauke,-8.47,140.33,76.86,86,93,16.28,ID,1593693109
426,Mandiana,10.63,-8.68,88.12,54,63,6.42,GN,1593693110
427,Burgeo,47.62,-57.62,63.32,91,100,4.85,CA,1593693110
428,Reedley,36.6,-119.45,66.2,42,20,4.23,US,1593692825
429,Ola,59.58,151.28,47.46,79,0,2.89,RU,1593693111
430,Mīrābād,30.44,61.84,113.04,6,0,15.93,AF,1593693112
431,Pudozh,61.81,36.53,69.94,52,0,9.86,RU,1593693112
432,Natal,-5.79,-35.21,78.8,83,40,8.05,BR,1593693113
433,Iporá,-16.44,-51.12,67.46,84,83,5.57,BR,1593693114
434,Neiafu,-18.65,-173.98,75.2,73,75,4.7,TO,1593693115
435,Sumkino,58.11,68.32,67.37,65,81,7.14,RU,1593693115
436,Bud,39.45,-86.18,77.0,78,1,4.7,US,1593693116
437,Santa Cruz de la Sierra,-17.8,-63.17,62.6,51,75,9.17,BO,1593692980
438,Puerto Escondido,15.85,-97.07,75.2,78,75,5.82,MX,1593693117
439,Coffs Harbour,-30.3,153.13,55.4,76,0,1.12,AU,1593693117
440,Kiama,-34.68,150.87,62.01,70,82,1.99,AU,1593693118
441,Qiongshan,20.01,110.35,84.2,74,75,2.24,CN,1593693118
442,Prince Rupert,54.32,-130.32,51.8,100,90,4.7,CA,1593693042
443,Flinders,-34.58,150.86,62.01,62,80,5.99,AU,1593693120
444,Tuatapere,-46.13,167.68,39.0,83,4,3.0,NZ,1593693120
445,Gbarnga,7.0,-9.47,82.69,66,99,3.33,LR,1593693121
446,Belaya Gora,68.53,146.42,52.81,57,68,9.89,RU,1593693122
447,Cascais,38.7,-9.42,75.0,53,20,14.99,PT,1593693122
448,Galesong,-5.32,119.37,78.8,94,20,4.7,ID,1593693123
449,Oranjestad,12.52,-70.03,84.2,74,40,24.16,AW,1593692926
450,Taoudenni,22.68,-3.98,117.32,5,0,8.68,ML,1593693124
451,San Francisco,37.77,-122.42,57.0,76,20,5.82,US,1593692705
452,Acton Vale,45.65,-72.57,73.0,97,84,1.01,CA,1593693125
453,Buala,-8.14,159.59,79.93,82,100,8.34,SB,1593693125
454,Portland,45.52,-122.68,55.99,82,75,2.98,US,1593692914
455,Pangoa,-12.12,-73.0,69.35,90,99,1.19,PE,1593693126
456,Kholtoson,50.3,103.31,63.64,62,54,4.12,RU,1593693127
457,Petropavlovka,50.61,105.32,71.69,51,51,6.2,RU,1593693127
458,Sakleshpur,12.97,75.78,68.56,94,100,9.13,IN,1593693128
459,Soe,-9.86,124.28,59.9,95,12,5.68,ID,1593693129
460,Eyl,7.98,49.82,92.89,34,34,27.83,SO,1593693130
461,Zakamensk,50.37,103.29,65.07,59,36,4.34,RU,1593693130
462,Ayan,56.45,138.17,53.02,79,100,11.27,RU,1593693131
463,Plouzané,48.38,-4.62,62.6,77,75,11.41,FR,1593693131
464,Namatanai,-3.67,152.43,79.07,77,0,5.84,PG,1593693132
465,Mogadishu,2.04,45.34,82.4,65,75,23.04,SO,1593693132
466,Ihosy,-22.4,46.12,65.14,65,4,11.95,MG,1593693133
467,Xuchang,34.02,113.82,77.0,83,0,4.47,CN,1593693133
468,Durban,-29.86,31.03,79.0,40,0,6.93,ZA,1593693134
469,Bathsheba,13.22,-59.52,84.2,74,40,20.8,BB,1593693135
470,Najrān,17.49,44.13,105.8,18,40,8.05,SA,1593693135
471,Longyearbyen,78.22,15.64,46.4,65,75,4.7,SJ,1593693136
472,Le Port,-20.94,55.29,73.4,56,75,20.8,RE,1593693136
473,Araouane,18.9,-3.53,108.95,9,0,3.02,ML,1593693137
474,Truro,50.27,-5.05,59.0,87,75,17.22,GB,1593693132
475,Beyneu,45.32,55.2,87.12,13,0,4.9,KZ,1593693138
476,Novaya Bryan’,51.72,108.27,69.8,73,40,8.95,RU,1593693139
477,Sabzawār,36.21,57.68,96.06,12,18,21.83,IR,1593693139
478,Tagusao,9.19,117.81,82.18,73,84,2.28,PH,1593693140
479,Atyrau,47.12,51.88,84.2,23,0,15.66,KZ,1593693141
480,Kobryn,52.21,24.36,75.2,73,40,11.18,BY,1593693141
481,Santiago de Cao,-7.96,-79.24,63.63,82,79,10.22,PE,1593693142
482,Xuanwu,32.07,118.81,75.2,100,90,6.71,CN,1593693142
483,Motala,58.54,15.04,66.2,51,0,18.34,SE,1593693143
484,Linhares,-19.39,-40.07,75.11,63,47,9.62,BR,1593693143
485,Vila Franca do Campo,37.72,-25.43,68.0,72,75,8.05,PT,1593693144
486,Bartica,6.4,-58.62,78.8,94,40,4.7,GY,1593693144
487,Minbu,20.18,94.88,86.77,66,99,9.89,MM,1593693145
488,Meulaboh,4.14,96.13,80.51,78,78,2.08,ID,1593693146
489,Trojes,41.76,19.96,95.0,41,0,9.17,AL,1593693147
490,High Level,58.52,-117.14,60.8,93,90,10.29,CA,1593693147
491,Tupik,54.43,119.93,60.42,86,4,2.84,RU,1593693068
492,Lata,40.16,-8.33,72.0,64,0,7.0,PT,1593693148
493,Katobu,-4.94,122.53,73.83,86,22,4.76,ID,1593693149
494,Malbork,54.04,19.03,72.0,60,20,13.87,PL,1593693149
495,Presidencia Roque Sáenz Peña,-26.79,-60.44,50.02,71,0,3.56,AR,1593693150
496,Morant Bay,17.88,-76.41,82.4,69,20,9.17,JM,1593693151
497,Port Pirie,-33.18,138.02,44.6,75,0,6.93,AU,1593693151
498,Raton,36.9,-104.44,55.99,54,1,8.05,US,1593692947
499,Fayaoué,-20.65,166.53,69.96,71,19,20.51,NC,1593693152
500,Brae,60.4,-1.35,50.0,87,40,14.99,GB,1593693153
501,Gaildorf,49.0,9.77,71.01,68,75,6.93,DE,1593693153
502,Inta,66.03,60.17,71.37,40,87,2.17,RU,1593693154
503,Lázaro Cárdenas,17.96,-102.2,80.56,67,100,7.0,MX,1593693001
504,Tongren,27.72,109.19,76.37,89,100,2.39,CN,1593693155
505,Kattivākkam,13.22,80.32,91.4,59,75,8.05,IN,1593693156
506,Mugan,35.94,101.38,64.67,48,93,7.67,CN,1593693156
507,Mandalgovi,45.76,106.27,68.95,45,93,11.34,MN,1593693157
508,Saint-Joseph,-21.37,55.62,71.6,78,75,25.28,RE,1593693157
509,Winfield,37.24,-97.0,80.6,83,1,5.82,US,1593693158
510,Santa Inês,-3.67,-45.38,81.07,78,57,1.59,BR,1593692996
511,Salta,-24.79,-65.41,35.6,51,0,2.24,AR,1593693159
512,Chicama,-7.84,-79.15,64.69,76,43,5.48,PE,1593693159
513,Ruy Barbosa,-12.28,-40.49,74.61,63,86,1.19,BR,1593693160
514,Sarab,38.61,44.99,82.31,24,19,4.25,IR,1593693161
515,Cockburn Town,21.46,-71.14,82.4,74,40,9.17,TC,1593693161
516,Matagami,49.75,-77.63,68.0,94,90,2.24,CA,1593693162
517,Manggar,-2.88,108.27,76.98,83,100,4.29,ID,1593693162
518,Maceió,-9.67,-35.74,77.0,78,75,3.36,BR,1593693038
519,Leer,8.3,30.14,83.88,65,100,6.22,SS,1593693164
520,Udachny,66.42,112.4,64.4,36,75,11.18,RU,1593693164
521,Zhangaözen,43.3,52.8,88.52,11,76,7.11,KZ,1593693165
522,Marzuq,14.4,46.47,94.55,25,68,13.85,YE,1593693165
523,Arrondissement de Rodez,44.5,2.58,71.6,60,75,12.75,FR,1593693166
524,Samarai,-10.62,150.67,77.05,80,93,13.44,PG,1593693166
525,Esim,4.87,-2.24,79.57,75,48,10.27,GH,1593693167
526,Mount Isa,-20.73,139.5,60.8,48,2,2.3,AU,1593693056
527,Kahului,20.89,-156.47,72.0,88,1,4.0,US,1593693168
528,Arcos,-20.28,-45.54,68.38,64,37,2.01,BR,1593693169
529,Adré,13.47,22.2,96.55,21,0,9.15,TD,1593693169
530,Guánica,17.97,-66.91,84.99,71,27,4.0,PR,1593693170
531,Bowen,-20.02,148.23,62.01,87,0,8.05,AU,1593693170
532,Aykhal,66.0,111.5,64.4,36,75,11.18,RU,1593693063
533,Changping,40.22,116.22,80.6,57,100,4.47,CN,1593693171
534,Usinsk,65.99,57.53,68.94,46,100,14.63,RU,1593693066
535,Changde,29.05,111.68,73.31,96,99,6.76,CN,1593693172
536,Cairns,-16.92,145.77,69.8,77,40,9.17,AU,1593693025
537,Lais,6.33,125.65,81.07,78,96,8.08,PH,1593693173
538,Pangai,-19.8,-174.35,73.4,78,75,10.29,TO,1593693174
539,São José da Coroa Grande,-8.9,-35.15,78.62,73,2,4.43,BR,1593693174
540,Port Antonio,18.18,-76.46,82.4,69,20,9.17,JM,1593693175
541,Shklo,49.96,23.54,75.2,78,75,6.71,UA,1593693175
542,South Venice,27.05,-82.42,86.0,74,75,6.89,US,1593693176
543,Bolu Province,40.67,31.58,81.79,43,25,10.4,TR,1593693072
544,Chumikan,54.72,135.31,56.21,71,97,5.08,RU,1593693177
545,Cabedelo,-6.98,-34.83,78.8,83,20,10.29,BR,1593693177
546,Yar-Sale,66.83,70.83,65.59,37,0,7.16,RU,1593693047
547,Rūdsar,37.14,50.29,80.6,47,75,4.7,IR,1593693178
548,Egvekinot,66.32,-179.17,41.2,100,100,7.58,RU,1593693179
549,Walvis Bay,-22.96,14.51,91.4,16,0,9.17,NA,1593693179
550,West Wendover,40.74,-114.07,57.2,58,1,8.05,US,1593693180
551,Tashara,55.52,83.51,73.29,90,2,6.85,RU,1593693181
552,Charters Towers,-20.1,146.27,60.03,85,0,7.94,AU,1593693181
553,Altay,47.87,88.12,73.31,40,20,4.61,CN,1593693182
554,Ulverstone,-41.15,146.17,45.0,80,99,12.88,AU,1593693182
555,Alta Floresta,-9.88,-56.09,79.07,57,84,4.36,BR,1593693183
556,Zeya,53.75,127.27,68.16,59,0,0.2,RU,1593693183
557,Saint-François,46.42,3.91,73.4,49,90,9.17,FR,1593693184
558,Broome,42.25,-75.83,64.0,93,90,3.36,US,1593693184
